{
  "HomePosition": {
    "X": 480.994873,
    "Y": 16.045927,
    "Z": 1661.70337
  },
  "level": 10,
  "exp": 1106.0,
  "nextLevelAt": 1200.0
}