{
  "HomePosition": {
    "X": 478.2012,
    "Y": 19.95365,
    "Z": 1667.22913
  },
  "level": 18,
  "exp": 5286.0,
  "nextLevelAt": 6192.0
}