{
  "HomePosition": {
    "X": 480.994873,
    "Y": 16.045927,
    "Z": 1661.70337
  },
  "level": 6,
  "exp": 301.0,
  "nextLevelAt": 336.0
}