{
  "HomePosition": {
    "X": 480.994873,
    "Y": 16.045927,
    "Z": 1661.70337
  },
  "level": 1,
  "exp": 1.0,
  "nextLevelAt": 21.0
}